epoch,time,train/box_loss,train/cls_loss,train/dfl_loss,metrics/precision(B),metrics/recall(B),metrics/mAP50(B),metrics/mAP50-95(B),val/box_loss,val/cls_loss,val/dfl_loss,lr/pg0,lr/pg1,lr/pg2
1,242.792,0.69759,1.33768,0.95944,0.99806,1,0.995,0.92536,0.47225,0.60909,0.79311,0.000416111,0.000416111,0.000416111
2,460.064,0.54268,0.46135,0.89581,0.99861,0.99943,0.995,0.94261,0.41915,0.29148,0.80417,0.000819037,0.000819037,0.000819037
3,674.719,0.47695,0.358,0.87861,0.99844,1,0.995,0.95244,0.37033,0.2474,0.77924,0.00121018,0.00121018,0.00121018
4,889.043,0.42632,0.31198,0.86531,0.99889,1,0.995,0.9591,0.32544,0.22535,0.77014,0.00119199,0.00119199,0.00119199
5,1106.33,0.38079,0.28309,0.85248,0.99888,0.99973,0.995,0.96566,0.31436,0.20346,0.77515,0.00117385,0.00117385,0.00117385
6,1320.96,0.36206,0.26926,0.84635,0.99905,1,0.995,0.9826,0.22499,0.17827,0.75839,0.00115625,0.00115625,0.00115625
7,1534.94,0.33643,0.25101,0.83891,0.99911,1,0.995,0.97928,0.21946,0.17678,0.75893,0.0011375,0.0011375,0.0011375
8,1748.36,0.32385,0.24452,0.83442,0.99911,1,0.995,0.9875,0.19469,0.15596,0.751,0.00111875,0.00111875,0.00111875
9,1961.33,0.30927,0.23445,0.83033,0.9992,1,0.99496,0.98449,0.20378,0.16408,0.75715,0.0011,0.0011,0.0011
10,2178.04,0.29479,0.22418,0.82597,0.99915,1,0.995,0.98258,0.20043,0.15493,0.74962,0.00108377,0.00108377,0.00108377
11,2389.54,0.28923,0.2216,0.8262,0.99923,1,0.995,0.98531,0.18825,0.16074,0.75446,0.0010653,0.0010653,0.0010653
12,2600.2,0.28044,0.21595,0.82434,0.99927,1,0.995,0.98675,0.19233,0.15347,0.75101,0.00104683,0.00104683,0.00104683
13,2813.46,0.27341,0.21166,0.82122,0.99933,1,0.995,0.98946,0.16032,0.13701,0.75015,0.00102836,0.00102836,0.00102836
14,3025.87,0.2661,0.20592,0.81926,0.99931,1,0.995,0.99094,0.14867,0.13428,0.7462,0.00100989,0.00100989,0.00100989
15,3238.29,0.25692,0.2006,0.81711,0.9994,1,0.995,0.98995,0.16917,0.1389,0.74663,0.000991418,0.000991418,0.000991418
16,3449.45,0.24861,0.19535,0.81531,0.99939,1,0.995,0.99225,0.14931,0.13746,0.75027,0.000972948,0.000972948,0.000972948
17,3661.71,0.24875,0.19301,0.81438,0.99959,1,0.995,0.99306,0.13525,0.12097,0.74569,0.000954478,0.000954478,0.000954478
18,3873.5,0.23911,0.18726,0.81283,0.99942,1,0.995,0.99288,0.1394,0.11925,0.74582,0.000936007,0.000936007,0.000936007
19,4084.54,0.23837,0.18662,0.81383,0.99944,1,0.995,0.99207,0.13736,0.11928,0.74623,0.000917537,0.000917537,0.000917537
20,4295.85,0.23128,0.18282,0.81214,0.99969,1,0.995,0.99167,0.13221,0.11523,0.74514,0.000899067,0.000899067,0.000899067
21,4511.05,0.22652,0.17938,0.80916,0.99956,1,0.995,0.99348,0.12112,0.11133,0.74357,0.000886029,0.000886029,0.000886029
22,4726.66,0.22349,0.17619,0.80785,0.99933,1,0.995,0.99355,0.12287,0.11329,0.74561,0.000867831,0.000867831,0.000867831
23,4941.64,0.22115,0.17463,0.80684,0.9999,1,0.995,0.99428,0.11646,0.10643,0.7426,0.000849632,0.000849632,0.000849632
24,5157.58,0.21638,0.17341,0.80746,0.99973,1,0.995,0.9943,0.11321,0.10427,0.74208,0.000831434,0.000831434,0.000831434
25,5373.01,0.21301,0.16953,0.80608,0.99991,1,0.995,0.99425,0.11126,0.10619,0.74152,0.000813235,0.000813235,0.000813235
26,5587.85,0.20851,0.16722,0.80516,0.99965,1,0.995,0.99427,0.11006,0.09756,0.74193,0.000788246,0.000788246,0.000788246
27,5801.25,0.20618,0.16534,0.80343,0.9999,1,0.995,0.99437,0.10515,0.09991,0.74151,0.000769776,0.000769776,0.000769776
28,6016.1,0.20343,0.16124,0.80302,0.99962,1,0.995,0.99469,0.1057,0.09741,0.73956,0.00075864,0.00075864,0.00075864
29,6233.38,0.19903,0.15978,0.80282,0.99972,1,0.995,0.99499,0.09675,0.09392,0.74065,0.000740441,0.000740441,0.000740441
30,6447.4,0.19518,0.15601,0.80122,0.99962,1,0.995,0.99495,0.09758,0.09297,0.73968,0.000714366,0.000714366,0.000714366
31,6665.1,0.19222,0.15385,0.79983,0.99971,1,0.995,0.99498,0.09018,0.08938,0.73867,0.000704044,0.000704044,0.000704044
32,6879.22,0.19198,0.15356,0.80089,0.99964,1,0.995,0.99468,0.09943,0.09228,0.74088,0.000677425,0.000677425,0.000677425
33,7093.12,0.18925,0.151,0.80058,0.99946,1,0.995,0.99492,0.09458,0.08564,0.73927,0.000658955,0.000658955,0.000658955
34,7306.62,0.19001,0.15231,0.80128,0.99943,1,0.995,0.99498,0.09055,0.09108,0.73929,0.000640485,0.000640485,0.000640485
35,7521.61,0.18518,0.14877,0.79996,0.99964,1,0.995,0.99498,0.0876,0.08425,0.73927,0.00063125,0.00063125,0.00063125
36,7735.92,0.18244,0.14698,0.80069,0.99992,1,0.995,0.99499,0.08763,0.08515,0.73935,0.000613051,0.000613051,0.000613051
37,7949.84,0.17918,0.14319,0.79721,0.99968,1,0.995,0.99497,0.0869,0.07811,0.73966,0.000594853,0.000594853,0.000594853
38,8164.37,0.17642,0.142,0.79703,0.99998,1,0.995,0.99498,0.08225,0.0786,0.73889,0.000576654,0.000576654,0.000576654
39,8380.49,0.17399,0.14104,0.79682,0.99992,1,0.995,0.995,0.08136,0.07758,0.73845,0.000558456,0.000558456,0.000558456
40,8597.41,0.17204,0.14047,0.79713,0.99967,1,0.995,0.99497,0.08173,0.07873,0.7387,0.000540257,0.000540257,0.000540257
41,8812.51,0.16979,0.13836,0.79659,0.99992,1,0.995,0.995,0.07993,0.07727,0.73815,0.000511194,0.000511194,0.000511194
42,9027.41,0.16602,0.13527,0.79627,0.99998,1,0.995,0.99499,0.07896,0.07825,0.73865,0.000492724,0.000492724,0.000492724
43,9241.97,0.16535,0.13548,0.79521,0.99992,1,0.995,0.995,0.07737,0.0758,0.73835,0.000474254,0.000474254,0.000474254
44,9456.36,0.16542,0.13514,0.79464,0.99967,1,0.995,0.99499,0.0781,0.07642,0.73746,0.000455784,0.000455784,0.000455784
45,9671.73,0.16065,0.13195,0.79374,0.99973,1,0.995,0.99499,0.07508,0.07229,0.73728,0.000449265,0.000449265,0.000449265
46,9886.8,0.1596,0.1298,0.79424,0.99998,1,0.995,0.99498,0.07429,0.07147,0.73752,0.000418843,0.000418843,0.000418843
47,10101,0.15833,0.12942,0.79353,0.99998,1,0.995,0.99499,0.07338,0.07148,0.73844,0.000400373,0.000400373,0.000400373
48,10315.6,0.15545,0.12792,0.79399,0.99998,1,0.995,0.995,0.07194,0.07277,0.73743,0.000394669,0.000394669,0.000394669
49,10529.5,0.15401,0.12588,0.79203,0.99998,1,0.995,0.995,0.07199,0.07066,0.73761,0.000376471,0.000376471,0.000376471
